model,r2_loo,rmse_loo,mae_loo
ElasticNet,0.12888841904946602,0.14654426452113026,0.12758670392553773
RandomForest,0.30029478391362585,0.13133772449014466,0.11657184331417501
GradientBoosting,0.3504134873394653,0.12654658548654613,0.10270053604272453
XGBoost,0.17470765026357893,0.1426381973163069,0.12139025234035415
LightGBM,-0.09750567295805879,0.1644884161193728,0.1367154055014201
NeuralNetwork,-2.0494189825392604,0.2741829732226718,0.21088131224289555
