model,r2_loo,rmse_loo,mae_loo
ElasticNet,0.0637722609155218,0.16447760254712332,0.12901389883215525
RandomForest,0.15639111473253642,0.15613008185474486,0.1320696893171059
GradientBoosting,0.11854753370836058,0.15959359707490317,0.131956939047444
XGBoost,0.09372326033415401,0.16182530400895836,0.13451640079738336
kNN,0.1502811107272234,0.1566944632680096,0.1288139414583064
