model,r2_loo,rmse_loo,mae_loo
ElasticNet,-0.011482669812202362,0.17096028685627895,0.11972705453428248
RandomForest,0.2581959536570331,0.1464065860467497,0.12825842560116546
GradientBoosting,0.2551565457943282,0.14670621668814712,0.1270072466009191
XGBoost,0.29398354750571354,0.1428313120304467,0.11797946679334667
kNN,0.46807221280760347,0.1239773513049616,0.10405160408233968
