{
  "best_model": "kNN",
  "countries": {
    "Russia": {
      "intensive": 0.7026117448731566,
      "baseline": 0.702116001328315,
      "distributed": 0.7016414008770115
    },
    "Ukraine": {
      "intensive": 0.6524273992425597,
      "baseline": 0.623813195773316,
      "distributed": 0.6234052807461355
    },
    "Belarus": {
      "intensive": 0.6295300821247602,
      "baseline": 0.6284129355733387,
      "distributed": 0.5438753945925197
    },
    "Moldova": {
      "intensive": 0.5339063031410564,
      "baseline": 0.5333191010924614,
      "distributed": 0.5334780039384206
    },
    "Georgia": {
      "intensive": 0.6386120530921237,
      "baseline": 0.6406639989958594,
      "distributed": 0.6449430025301514
    },
    "Armenia": {
      "intensive": 0.5892319882096568,
      "baseline": 0.5906470388000505,
      "distributed": 0.593697710053701
    },
    "United States": {
      "intensive": 0.8735330979338625,
      "baseline": 0.8730666323682511,
      "distributed": 0.8724554630987558
    },
    "Mexico": {
      "intensive": 0.8594884680844639,
      "baseline": 0.8591176590978521,
      "distributed": 0.8333923809911883
    },
    "Brazil": {
      "intensive": 0.8068627919030127,
      "baseline": 0.8065634919794125,
      "distributed": 0.8062442837073303
    },
    "Argentina": {
      "intensive": 0.7329246379542167,
      "baseline": 0.7326090874541936,
      "distributed": 0.7323158625857187
    },
    "Chile": {
      "intensive": 0.7684875994500003,
      "baseline": 0.7681307426890261,
      "distributed": 0.7676574020415547
    },
    "New Zealand": {
      "intensive": 0.8119670173489468,
      "baseline": 0.8111104239619232,
      "distributed": 0.8302429171719263
    },
    "Japan": {
      "intensive": 0.9264070480849178,
      "baseline": 0.9259094078028366,
      "distributed": 0.925360350698918
    },
    "South Korea": {
      "intensive": 0.8554714785881413,
      "baseline": 0.8547681216580394,
      "distributed": 0.8538947661820825
    },
    "India": {
      "intensive": 0.7581373909443888,
      "baseline": 0.6638334343608356,
      "distributed": 0.6626504951844631
    },
    "Thailand": {
      "intensive": 0.801167259862406,
      "baseline": 0.7212444586567862,
      "distributed": 0.7190564542134422
    },
    "Vietnam": {
      "intensive": 0.6502467822884085,
      "baseline": 0.6475148373723854,
      "distributed": 0.6638325773143664
    },
    "Indonesia": {
      "intensive": 0.6607435961017762,
      "baseline": 0.659230147847852,
      "distributed": 0.5872789641519822
    },
    "Morocco": {
      "intensive": 0.6061418364113043,
      "baseline": 0.6044393563417562,
      "distributed": 0.6055088035067988
    },
    "Egypt": {
      "intensive": 0.657400906197285,
      "baseline": 0.675808418140301,
      "distributed": 0.6753774296059659
    },
    "Tunisia": {
      "intensive": 0.5690904961885563,
      "baseline": 0.5685660330697649,
      "distributed": 0.5914153755496472
    },
    "Israel": {
      "intensive": 0.8387537173074119,
      "baseline": 0.8382013832478051,
      "distributed": 0.8302494507716711
    },
    "Saudi Arabia": {
      "intensive": 0.8422328437042056,
      "baseline": 0.8414556119254013,
      "distributed": 0.7907214631272319
    },
    "United Arab Emirates": {
      "intensive": 0.9480001274372067,
      "baseline": 0.9520073627656279,
      "distributed": 0.9522799989481749
    }
  }
}