{
  "best_model": "kNN",
  "scenarios": {
    "intensive": {
      "mean": 0.8913149926311359,
      "median": 0.8990544466773638,
      "min": 0.724627388501794,
      "max": 0.9475361129151564,
      "perturbation": {
        "length_of_stay": 0.85,
        "seasonality": 1.25,
        "tourist_pressure": 1.2,
        "protected_hectares": 0.9
      }
    },
    "baseline": {
      "mean": 0.8388540162433253,
      "median": 0.8791612500927907,
      "min": 0.6443426320622013,
      "max": 0.9526271968960764,
      "perturbation": {
        "length_of_stay": 1.0,
        "seasonality": 1.0,
        "tourist_pressure": 1.0,
        "protected_hectares": 1.0
      }
    },
    "distributed": {
      "mean": 0.7641609164657497,
      "median": 0.7490238625195671,
      "min": 0.635039469756277,
      "max": 0.9479847023678591,
      "perturbation": {
        "length_of_stay": 1.2,
        "seasonality": 0.75,
        "tourist_pressure": 0.85,
        "protected_hectares": 1.1
      }
    }
  }
}